{"duration": {"prev_degree": {"0": {"32": 0.012638929719604433, "1": 0.6146445344671843, "2": 0.18153716190883543, "4": 0.09085435113675792, "8": 0.05952799898267319, "16": 0.040797023784944667}, "1": {"32": 0.018685989252747663, "1": 0.6352617432351185, "2": 0.16898265169623927, "4": 0.07407459416952199, "8": 0.06308029649601295, "16": 0.03991472515035959}, "2": {"32": 0.014870092399457028, "1": 0.6114908026011953, "2": 0.18459112237166295, "4": 0.09282376299497598, "8": 0.06048094858454515, "16": 0.035743271048163675}, "3": {"32": 0.008589639608298035, "1": 0.678781610126456, "2": 0.149842029417456, "4": 0.0648941145356821, "8": 0.05894602968884624, "16": 0.038946576623261536}, "4": {"32": 0.02459151128454532, "1": 0.6219683608370801, "2": 0.1741407752374866, "4": 0.07694276922767265, "8": 0.0541633854223014, "16": 0.048193197990914}, "5": {"32": 0.020229432693200912, "1": 0.5594971088675732, "2": 0.20362268995862376, "4": 0.10158055319904155, "8": 0.0702264867996861, "16": 0.04484372848187444}, "6": {"32": 0.009225020175292429, "1": 0.7788931424745698, "2": 0.09811222335060857, "4": 0.06558145540816451, "8": 0.03086674135893042, "16": 0.017321417232434282}, "7": {"32": 0.015489971678181953, "1": 0.5288816249428507, "2": 0.22209873044406594, "4": 0.1140619424546509, "8": 0.07927150885324238, "16": 0.04019622162700829}, "8": {"32": 0.019213822568312198, "1": 0.665619138729731, "2": 0.16093055112656404, "4": 0.0767395650101667, "8": 0.04329453536735486, "16": 0.034202387197871345}, "9": {"32": 0.021923857241379005, "1": 0.6063101728843767, "2": 0.18473912487780575, "4": 0.08734907568604339, "8": 0.06770246944653704, "16": 0.03197529986385785}, "10": {"32": 0.01555096056513579, "1": 0.6416863294632147, "2": 0.16236846939988542, "4": 0.08199007914350659, "8": 0.05957305014103178, "16": 0.038831111287225724}, "11": {"32": 0.014637618527086458, "1": 0.6589699265322724, "2": 0.1611982242025204, "4": 0.07396251967266533, "8": 0.050261493343070486, "16": 0.04097021772238489}}, "prev_duration": {"32": {"32": 0.6750945914719867, "1": 0.07380910272679041, "2": 0.043721850081391914, "4": 0.030925053605061405, "8": 0.0451005425697124, "16": 0.13134885954505732}, "1": {"32": 0.0013327319787955808, "1": 0.8707620600885286, "2": 0.07890179629092794, "4": 0.027601839691200888, "8": 0.015893139921345764, "16": 0.005508432029201278}, "2": {"32": 0.004502863825883777, "1": 0.3210884060143961, "2": 0.5051489990268057, "4": 0.0955307152467201, "8": 0.054599547106624034, "16": 0.019129468779570353}, "4": {"32": 0.006497466365530652, "1": 0.23040902653214865, "2": 0.21129751681971765, "4": 0.4418289543469063, "8": 0.08360497152516651, "16": 0.026362064410530222}, "8": {"32": 0.01341282164794013, "1": 0.16911566355350163, "2": 0.16542369173531915, "4": 0.15381897919621365, "8": 0.42550686549338507, "16": 0.07272197837364042}, "16": {"32": 0.05001831266147313, "1": 0.1015767521781586, "2": 0.08278603998739949, "4": 0.06201558061035605, "8": 0.1281589341041149, "16": 0.5754443804584978}}, "tempo": {"0": {"32": 0.027700831024930747, "1": 0.48808864265927976, "2": 0.1972299168975069, "4": 0.07756232686980609, "8": 0.18171745152354568, "16": 0.027700831024930747}, "1": {"32": 0.005829998547499909, "1": 0.8351086112204579, "2": 0.0686758882880076, "4": 0.030930357883391605, "8": 0.042780864048096695, "16": 0.01667428001254623}, "2": {"32": 0.008741130558458281, "1": 0.6436212737426431, "2": 0.1585391272994569, "4": 0.07943376825405529, "8": 0.07505562930462092, "16": 0.03460907084076568}, "3": {"32": 0.012725655219905064, "1": 0.6349590653728391, "2": 0.17381187004250534, "4": 0.08543976298683055, "8": 0.06015302826486131, "16": 0.03291061811305869}, "4": {"32": 0.01831018353511186, "1": 0.6670412207160856, "2": 0.16049173958680793, "4": 0.0781211824734824, "8": 0.04167501024355445, "16": 0.034360663444957695}, "5": {"32": 0.033850803111229295, "1": 0.5681537357911004, "2": 0.19989702370982812, "4": 0.08114360113639597, "8": 0.045583825002607145, "16": 0.07137101124883921}, "6": {"32": 0.02176171023405554, "1": 0.51940564435038, "2": 0.1937038124586139, "4": 0.18213526051944143, "8": 0.06291282523088385, "16": 0.02008074720662522}, "7": {"32": 0.02046117861356627, "1": 0.3575945436857031, "2": 0.4171798348202273, "4": 0.13438450870402188, "8": 0.060956614435635784, "16": 0.009423319740845771}, "8": {"32": 0.06346790405732584, "1": 0.41784159289353423, "2": 0.17922746145220542, "4": 0.14230441561240395, "8": 0.13208786102253095, "16": 0.06507076496199939}, "9": {"32": 0.007566585956416466, "1": 0.5792978208232445, "2": 0.07233656174334141, "4": 0.20853510895883778, "8": 0.10320823244552059, "16": 0.02905569007263923}}, "velocity": {"0": {"32": 0.010537438053071937, "1": 0.8144721805892926, "2": 0.08219775928701455, "4": 0.02625458680035144, "8": 0.03684370711090438, "16": 0.029694328159365114}, "1": {"32": 0.012116704946524613, "1": 0.809709388083802, "2": 0.07171618395697317, "4": 0.03568244289864124, "8": 0.05133472756930434, "16": 0.01944055254475456}, "2": {"32": 0.014583648178933054, "1": 0.7072106205314098, "2": 0.11316349053973229, "4": 0.053784852077555255, "8": 0.06674762189579977, "16": 0.04450976677656996}, "3": {"32": 0.015582696927050546, "1": 0.7307038226962521, "2": 0.10530925347925985, "4": 0.06061129553691344, "8": 0.056414207987041144, "16": 0.03137872337348294}, "4": {"32": 0.015715266869988778, "1": 0.6165018491651967, "2": 0.1490889092840252, "4": 0.08322298306074734, "8": 0.08841291600664711, "16": 0.047058075613394826}, "5": {"32": 0.016661960349638606, "1": 0.6713031480226996, "2": 0.14046686345304316, "4": 0.07539647724579616, "8": 0.05867187254046993, "16": 0.0374996783883525}, "6": {"32": 0.015554062426043853, "1": 0.6192326691337056, "2": 0.1755046838500763, "4": 0.08528348062799462, "8": 0.06153610626114026, "16": 0.042888997701039565}, "7": {"32": 0.015339389380297537, "1": 0.5982525553800532, "2": 0.21006283848718432, "4": 0.09208974777986831, "8": 0.05000747386812055, "16": 0.03424799510447607}, "8": {"32": 0.018029971414510803, "1": 0.6437827340651335, "2": 0.16827172868297802, "4": 0.0861924540046817, "8": 0.05072645689005096, "16": 0.032996654942645025}, "9": {"32": 0.015545900502645404, "1": 0.6541490038410716, "2": 0.1634065236047405, "4": 0.08648564976752068, "8": 0.04844816599265791, "16": 0.03196475629136409}}}, "degree": {"prev_degree": {"0": {"0": 0.32998511285735976, "1": 0.01878877780194944, "2": 0.08934647970535496, "3": 0.04000033689683911, "4": 0.0824741950373863, "5": 0.06832206269609091, "6": 0.08003497975229455, "7": 0.08774683599430481, "8": 0.030147542327287474, "9": 0.07669497627239671, "10": 0.05215676631623233, "11": 0.044301934342503714}, "1": {"0": 0.05477050728436047, "1": 0.22978444366788972, "2": 0.05779595054455898, "3": 0.07355602426178767, "4": 0.0936228565010109, "5": 0.03740930950419755, "6": 0.12466407075522716, "7": 0.016818302839694148, "8": 0.07360542562131309, "9": 0.08430992020900414, "10": 0.05643923320769788, "11": 0.0972239556032582}, "2": {"0": 0.09382954668576998, "1": 0.02244465493758568, "2": 0.30696683841433925, "3": 0.037131106408934675, "4": 0.07464346512801219, "5": 0.052605647302266786, "6": 0.09569122865776895, "7": 0.09045584169830362, "8": 0.013121514434189203, "9": 0.09751976668211446, "10": 0.037210380529345666, "11": 0.07838000912136946}, "3": {"0": 0.07394546937848742, "1": 0.05406266040734076, "2": 0.06288746539181878, "3": 0.3865549098015353, "4": 0.058251119974220604, "5": 0.04487061671527993, "6": 0.07462837415705563, "7": 0.036665029495048504, "8": 0.051101560366463385, "9": 0.023609537684194784, "10": 0.0659960147158538, "11": 0.06742724191270102}, "4": {"0": 0.08506064783833057, "1": 0.040228460876609494, "2": 0.08517281111787585, "3": 0.03295357153040191, "4": 0.33338993910058046, "5": 0.044073250378629684, "6": 0.07629555925659436, "7": 0.0773618441907388, "8": 0.033041205644140086, "9": 0.09505051750250323, "10": 0.013545760102242595, "11": 0.08382643246135295},