{"duration": {"prev_degree": {"0": {"32": 0.012631335005266654, "1": 0.614666623111756, "2": 0.18153789513497812, "4": 0.09085061302509606, "8": 0.05952271624859089, "16": 0.04079081747431237}, "1": {"32": 0.01866751556840005, "1": 0.635320241936994, "2": 0.1689829408203137, "4": 0.07406303511498664, "8": 0.0630673649299552, "16": 0.03989890162935036}, "2": {"32": 0.014863030414402805, "1": 0.6115114970168294, "2": 0.18459195626556935, "4": 0.09282032762441768, "8": 0.06047600853923986, "16": 0.035737180139540935}, "3": {"32": 0.008576505691879323, "1": 0.6788241594771703, "2": 0.14984063153325033, "4": 0.06488565870741736, "8": 0.05893707966069247, "16": 0.03893596492959019}, "4": {"32": 0.02458436178787124, "1": 0.6219912724991467, "2": 0.17414115134908914, "4": 0.0769382541475758, "8": 0.05415772403954298, "16": 0.04818723617677425}, "5": {"32": 0.020216728126108197, "1": 0.5595311899586564, "2": 0.2036258961805979, "4": 0.10157490647332218, "8": 0.07021811986525074, "16": 0.04483315939606475}, "6": {"32": 0.00921965232108654, "1": 0.7789140158745651, "2": 0.0981098860385626, "4": 0.0655780089841179, "8": 0.030862111362887648, "16": 0.017316325418780334}, "7": {"32": 0.015480388083426687, "1": 0.5289045869567687, "2": 0.2221022444674128, "4": 0.11405860766578613, "8": 0.07926596858279183, "16": 0.04018820424381394}, "8": {"32": 0.019198652990819902, "1": 0.6656704697042958, "2": 0.16092996100943385, "4": 0.07673031353627632, "8": 0.04328184315298911, "16": 0.034188759606185}, "9": {"32": 0.021916280197894114, "1": 0.6063331874850862, "2": 0.18474007094070377, "4": 0.08734492354309162, "8": 0.06769728883667629, "16": 0.03196824899654807}, "10": {"32": 0.01553789453585183, "1": 0.6417274014403418, "2": 0.1623680977616699, "4": 0.0819827576889683, "8": 0.05956379042630227, "16": 0.03882005814686587}, "11": {"32": 0.014629185801152344, "1": 0.6589972335404903, "2": 0.16119792087972024, "4": 0.07395737757203309, "8": 0.050255036597231684, "16": 0.04096324560937222}}, "prev_duration": {"32": {"32": 0.675252160685531, "1": 0.07378032481627878, "2": 0.04368374769339636, "4": 0.030882985303593583, "8": 0.04506286745858444, "16": 0.13133791404261583}, "1": {"32": 0.0013314082717379232, "1": 0.8707676972618247, "2": 0.0789010936222438, "4": 0.027600726301543244, "8": 0.015891932788751735, "16": 0.005507141753898801}, "2": {"32": 0.004498009020716612, "1": 0.3210930290402808, "2": 0.5051591323965672, "4": 0.09552858560262892, "8": 0.054596192079043405, "16": 0.019125051860762923}, "4": {"32": 0.006487921064289218, "1": 0.23041282526514856, "2": 0.21130017660017839, "4": 0.4418453526739333, "8": 0.08360002145423989, "16": 0.02635370294221062}, "8": {"32": 0.013399228796903953, "1": 0.1691158807673005, "2": 0.16542358148964745, "4": 0.15381783967046847, "8": 0.42552982332693495, "16": 0.07271364594874463}, "16": {"32": 0.050002009141886766, "1": 0.10156765479564699, "2": 0.08277431629483954, "4": 0.062000953905626245, "8": 0.1281535520172658, "16": 0.5755015138447347}}, "tempo": {"0": {"32": 0.006389776357827476, "1": 0.5373801916932908, "2": 0.20191693290734825, "4": 0.06389776357827476, "8": 0.1840255591054313, "16": 0.006389776357827476}, "1": {"32": 0.005809681609657609, "1": 0.8351930490143858, "2": 0.06866351006246539, "4": 0.030913211630732053, "8": 0.0427652147550544, "16": 0.016655332927704783}, "2": {"32": 0.008737608293121512, "1": 0.643631911418608, "2": 0.15853894602826482, "4": 0.07943182266994092, "8": 0.07505358607342906, "16": 0.03460612551663573}, "3": {"32": 0.012722868556908065, "1": 0.6349675424712223, "2": 0.1738119993860355, "4": 0.08543829260538562, "8": 0.06015110013919798, "16": 0.03290819684125058}, "4": {"32": 0.01830776166655149, "1": 0.6670493891585784, "2": 0.16049163878324724, "4": 0.0781197369989079, "8": 0.041672969797753846, "16": 0.03435850359496135}, "5": {"32": 0.033843607516728345, "1": 0.5681754872451018, "2": 0.19989882403825274, "4": 0.08113896773430407, "8": 0.04557726507063581, "16": 0.07136584839497723}, "6": {"32": 0.02173865484324979, "1": 0.5194617675857969, "2": 0.19370811425737813, "4": 0.1821377216807797, "8": 0.06289631726993627, "16": 0.020057424362859393}, "7": {"32": 0.02037033201466415, "1": 0.35771317909736744, "2": 0.41733549429382155, "4": 0.13436444978355874, "8": 0.06089093017957374, "16": 0.00932561463101427}, "8": {"32": 0.06338443495580141, "1": 0.41804474790128365, "2": 0.1792376208594374, "4": 0.14228471096522413, "8": 0.13205989303371088, "16": 0.06498859228454246}, "9": {"32": 0.0015703517587939693, "1": 0.5948492462311556, "2": 0.06878140703517586, "4": 0.21011306532663312, "8": 0.10081658291457284, "16": 0.023869346733668338}}, "velocity": {"0": {"32": 0.010321964796062127, "1": 0.8153662141103271, "2": 0.08208118412200044, "4": 0.026060804710726217, "8": 0.036664539019327085, "16": 0.029505293241556978}, "1": {"32": 0.01204046649099945, "1": 0.8100265967286433, "2": 0.07166934552315805, "4": 0.03561782926297875, "8": 0.0512778351002824, "16": 0.019367926893937834}, "2": {"32": 0.01454479259592026, "1": 0.707348723724523, "2": 0.11314982105104036, "4": 0.053756011982447886, "8": 0.06672209364960069, "16": 0.04447855699646786}, "3": {"32": 0.015568127987554175, "1": 0.7307582124717793, "2": 0.10530333681952471, "4": 0.06060106867904151, "8": 0.05640357640645322, "16": 0.031365677635647064}, "4": {"32": 0.015705208824390065, "1": 0.6165318221418209, "2": 0.14908773806013786, "4": 0.08321742312307362, "8": 0.0884077018794945, "16": 0.04705010597108326}, "5": {"32": 0.016656206895394456, "1": 0.6713225034347843, "2": 0.14046585855544566, "4": 0.07539297656324037, "8": 0.05866773038305456, "16": 0.03749472416808061}, "6": {"32": 0.015549166122250768, "1": 0.6192473330371279, "2": 0.17550497021677136, "4": 0.08528084367521033, "8": 0.06153269985328785, "16": 0.04288498709535183}, "7": {"32": 0.0153359920571297, "1": 0.5982622445568159, "2": 0.2100638127386383, "4": 0.09208807351532815, "8": 0.050004854849358425, "16": 0.0342450222827296}, "8": {"32": 0.018024408667409765, "1": 0.6438005901942427, "2": 0.16827178875262677, "4": 0.08618944224710438, "8": 0.05072211781305027, "16": 0.03299165232556617}, "9": {"32": 0.015541778374690446, "1": 0.6541623009187704, "2": 0.1634064346776711, "4": 0.08648346266630613, "8": 0.04844494134128277, "16": 0.03196108202127904}}}, "degree": {"prev_degree": {"0": {"0": 0.3300094360961804, "1": 0.01878241282602349, "2": 0.08934707268382668, "3": 0.039996063670742085, "4": 0.08247411031460022, "5": 0.06832058237950282, "6": 0.08003465448952117, "7": 0.0877472712260289, "8": 0.030142297480893084, "9": 0.07669432163960029, "10": 0.05215369188033477, "11": 0.04429808531274609}, "1": {"0": 0.054763376026764544, "1": 0.22982100799773636, "2": 0.05778957464692616, "3": 0.07355358316896779, "4": 0.09362542547790845, "5": 0.0373978436904435, "6": 0.1246743897668922, "7": 0.01680169608601936, "8": 0.07360299686249054, "9": 0.08431016403265673, "10": 0.056432518579548764, "11": 0.09722742366364567}, "2": {"0": 0.09383052329858323, "1": 0.022438989593189004, "2": 0.3069876462370463, "3": 0.03712680755511954, "4": 0.07464265658531687, "5": 0.052602788266261, "6": 0.09569237848947622, "7": 0.09045650440710137, "8": 0.013114981624720164, "9": 0.09752108664886032, "10": 0.037206089051535496, "11": 0.07837954824279057}, "3": {"0": 0.07394390941924753, "1": 0.0540577965685689, "2": 0.062884067950104, "3": 0.3866052954166463, "4": 0.05824695212190889, "5": 0.04486422545626, "6": 0.07462692767449419, "7": 0.03665727473292878, "8": 0.051096204488672727, "9": 0.023599613521753594, "10": 0.0659931338144579, "11": 0.0674245988349571}, "4": {"0": 0.08506082167975859, "1": 0.04022412269004259, "2": 0.08517299624770829, "3": 0.03294850118003452, "4": 0.3334151054482873, "5": 0.044069299141686336, "6": 0.0762948509566918, "7": 0.07736124320452759, "8": 0.03303614411349802, "9": 0.09505169675041808, "10": 0.013538736499214148, "11": 0.08382648208813273}, "5": {"0": 0.11633747026351739,