{"duration": {"prev_degree": {"0": {"32": 0.0032144555397051826, "1": 0.6905373276271992, "2": 0.19558725630052307, "4": 0.06683785068949119, "8": 0.03260104612458392, "16": 0.011222063718497382}, "1": {"32": 0.007376932898283445, "1": 0.7657114484324018, "2": 0.1358171371825791, "4": 0.03183075613562208, "8": 0.025198609731876865, "16": 0.03406511561923678}, "2": {"32": 0.010497271634244845, "1": 0.575423127909486, "2": 0.2323272805746524, "4": 0.07895304744581805, "8": 0.05430526867466165, "16": 0.048494003761136974}, "3": {"32": 0.0029419891747801633, "1": 0.6642556442306129, "2": 0.16063911057653235, "4": 0.12249077580742161, "8": 0.03315833103067146, "16": 0.01651414917998147}, "4": {"32": 0.005957812248403199, "1": 0.5822875852074499, "2": 0.24010520100907093, "4": 0.0771295153239225, "8": 0.038999516934142026, "16": 0.055520369277011435}, "5": {"32": 0.024843714975965724, "1": 0.5684416328360439, "2": 0.20608453089586803, "4": 0.1138327812507783, "8": 0.03941371323254712, "16": 0.047383626808796785}, "6": {"32": 0.005687551600770573, "1": 0.7011847889749001, "2": 0.1273842202197399, "4": 0.11969967469462929, "8": 0.03994693500243451, "16": 0.006096829507525775}, "7": {"32": 0.005579154250935142, "1": 0.5864029248293496, "2": 0.22233141021576952, "4": 0.13234641475939896, "8": 0.033813056066273585, "16": 0.019527039878272996}, "8": {"32": 0.0012032023693831274, "1": 0.6267527419130918, "2": 0.23825720764496275, "4": 0.08304410199453932, "8": 0.03218566338099866, "16": 0.01855708269702439}, "9": {"32": 0.02867019350920832, "1": 0.6222074297259105, "2": 0.19926660360391918, "4": 0.10057340387018415, "8": 0.02813299232736572, "16": 0.021149376963411924}, "10": {"32": 0.006476989024447689, "1": 0.5102454190023082, "2": 0.24930519572283197, "4": 0.14692166376183524, "8": 0.06512318055490132, "16": 0.021927551933675633}, "11": {"32": 0.007119112758509105, "1": 0.5941958638543229, "2": 0.19098049598446737, "4": 0.14605948283470124, "8": 0.02779984114376489, "16": 0.033845203424234395}}, "prev_duration": {"32": {"32": 0.4593371790521435, "1": 0.04004071937563625, "2": 0.0329148286392942, "4": 0.03834407872412623, "8": 0.04535686008370094, "16": 0.384006334125099}, "1": {"32": 0.0010013215493825454, "1": 0.8349656283373998, "2": 0.12009844161206265, "4": 0.03144409748580512, "8": 0.009449159361299897, "16": 0.0030413516540499065}, "2": {"32": 0.0004979212994295659, "1": 0.41241902736150055, "2": 0.4918302233394567, "4": 0.07278835927680558, "8": 0.017277385671468626, "16": 0.0051870830513390705}, "4": {"32": 0.0027266795859342283, "1": 0.19333132078411513, "2": 0.1541060873121756, "4": 0.5821363534555795, "8": 0.0547283545462513, "16": 0.012971204315944257}, "8": {"32": 0.007600573241887605, "1": 0.18840208823830484, "2": 0.10709898659023444, "4": 0.1211997133790562, "8": 0.5408178933360631, "16": 0.03488074521445388}, "16": {"32": 0.139451192082771, "1": 0.06557320322502509, "2": 0.0417315478044223, "4": 0.050901415273884906, "8": 0.0501055399840825, "16": 0.6522371016298142}}, "tempo": {"0": {"32": 0.14285714285714285, "1": 0.14285714285714285, "2": 0.2857142857142857, "4": 0.14285714285714285, "8": 0.14285714285714285, "16": 0.14285714285714285}, "1": {"32": 0.00019764798893171263, "1": 0.8028263662417234, "2": 0.10862733471686926, "4": 0.0528906018381263, "8": 0.032849095760450635, "16": 0.002608953453898607}, "2": {"32": 0.006742382271468143, "1": 0.6037229916897506, "2": 0.2511024930747922, "4": 0.06337950138504155, "8": 0.03238781163434903, "16": 0.04266481994459834}, "3": {"32": 0.03279254551970699, "1": 0.5099474654941828, "2": 0.257812431709513, "4": 0.06697493903025323, "8": 0.07722397531490109, "16": 0.05524864293144291}, "4": {"32": 0.0016440962950698102, "1": 0.7210400016790771, "2": 0.12556698001665087, "4": 0.1172438882760776, "8": 0.018458187482946874, "16": 0.01604684625017782}, "5": {"32": 0.00033914504616997334, "1": 0.36615332439223663, "2": 0.373614515407976, "4": 0.21460173580600903, "8": 0.03747552760178205, "16": 0.007815751745826202}, "6": {"32": 0.0005825081135058666, "1": 0.5995256719647166, "2": 0.19838562037114085, "4": 0.14519014729133725, "8": 0.05394441208288257, "16": 0.0023716401764167427}, "7": {"32": 0.11363636363636363, "1": 0.4318181818181818, "2": 0.11363636363636363, "4": 0.11363636363636363, "8": 0.11363636363636363, "16": 0.11363636363636363}, "8": {"32": 0.03278688524590165, "1": 0.12459016393442626, "2": 0.03278688524590165, "4": 0.7442622950819674, "8": 0.03278688524590165, "16": 0.03278688524590165}, "9": {"32": 0.16666666666666666, "1": 0.16666666666666666, "2": 0.16666666666666666, "4": 0.16666666666666666, "8": 0.16666666666666666, "16": 0.16666666666666666}}, "velocity": {"0": {"32": 0.009066183136899367, "1": 0.09791477787851315, "2": 0.009066183136899367, "4": 0.1242067089755213, "8": 0.09066183136899365, "16": 0.6690843155031733}, "1": {"32": 0.0006339546088500064, "1": 0.804868771395968, "2": 0.018574870039305184, "4": 0.07708888043616077, "8": 0.08184354000253583, "16": 0.01698998351718017}, "2": {"32": 0.007753020884263462, "1": 0.6144792903541244, "2": 0.03883495145631067, "4": 0.28542990850038413, "8": 0.023189215617797024, "16": 0.030313613187120204}, "3": {"32": 0.01440716794786947, "1": 0.46059665020618035, "2": 0.15499160006109045, "4": 0.2328819426767805, "8": 0.08132668126049991, "16": 0.055795957847579285}, "4": {"32": 0.002062400846113167, "1": 0.5478979375991538, "2": 0.27921734531993647, "4": 0.10974352194606027, "8": 0.04218667371760972, "16": 0.018892120571126384}, "5": {"32": 0.006059075990911385, "1": 0.4885634940671547, "2": 0.2748728676019764, "4": 0.13351606737115446, "8": 0.04325747466368521, "16": 0.05373102030511775}, "6": {"32": 0.0038937226598177435, "1": 0.7021954552633928, "2": 0.15683392963830267, "4": 0.08278452674444954, "8": 0.02751014634079344, "16": 0.02678221935324374}, "7": {"32": 0.0064066294987856045, "1": 0.6855990560830205, "2": 0.18554040627069993, "4": 0.07200126959593729, "8": 0.029887254360786042, "16": 0.02056538419077059}, "8": {"32": 0.03737678237872427, "1": 0.6072386306892789, "2": 0.1867174640750125, "4": 0.11232453625788315, "8": 0.023219470695936825, "16": 0.033123115903164364}, "9": {"32": 0.007820484059921733, "1": 0.6531007751937984, "2": 0.2114521797651985, "4": 0.06427129290361175, "8": 0.053204217453077095, "16": 0.010151050624392432}}}, "degree": {"prev_degree": {"0": {"0": 0.39040015207679873, "1": 0.011605360707157114, "2": 0.11808763425529892, "3": 0.03015873015873016, "4": 0.09517156163862751, "5": 0.08178880334568957, "6": 0.02855241897158065, "7": 0.08084782815321738, "8": 0.013078604695371162, "9": 0.0702214618382283, "10": 0.05676266514589868, "11": 0.023324779013401766}, "1": {"0": 0.0915290866576915, "1": 0.2583433713597393, "2": 0.08561255579961738, "3": 0.09310564727556155, "4": 0.048678523347268486, "5": 0.013781619783178631, "6": 0.15707149436689577, "7": 0.015623892864734645, "8": 0.016049032806632186, "9": 0.04244313753277121, "10": 0.11879118543187134, "11": 0.05897045277403813}, "2": {"0": 0.0939695550351288, "1": 0.016686182669789225, "2": 0.3741448909158141, "3": 0.030267780106002708, "4": 0.06740724762726488, "5": 0.1047161962282756, "6": 0.05157617404166153, "7": 0.07523419203747073, "8": 0.002126217182300012, "9": 0.10103383458646616, "10": 0.03395014174781215, "11": 0.04888758782201405}, "3": {"0": 0.12068265592777229, "1": 0.06680415049607848, "2": 0.04160239027004207, "3": 0.3373495932318985, "4": 0.03781887858662294, "5": 0.04038452170241789, "6": 0.14214961921309457, "7": 0.03564295341246773, "8": 0.0431450237890327, "9": 0.01510157023853986, "10": 0.0737703587028888, "11": 0.045548284429144416}, "4": {"0": 0.12662125194442955, "1": 0.027463391085125785, "2": 0.10117470364211768, "3": 0.02401973931234243, "4": 0.2917234350694631, "5": 0.058252427184466014, "6": 0.03916751595773212, "7": 0.11757764308319477, "8": 0.03599206136351445, "9": 0.07810974628546907, "10": 0.008593037601244434, "11": 0.0913050474709006},